{
  "Bot Service: Message Blind Spots" : {
    "transaction" : "Bot Service: Message Blind Spots",
    "sampleCount" : 100,
    "errorCount" : 22,
    "errorPct" : 22.0,
    "meanResTime" : 53748.06999999999,
    "minResTime" : 82.0,
    "maxResTime" : 309923.0,
    "pct1ResTime" : 304149.4,
    "pct2ResTime" : 306889.1,
    "pct3ResTime" : 309922.13,
    "throughput" : 0.30856292986673167,
    "receivedKBytesPerSec" : 0.2312926250759836,
    "sentKBytesPerSec" : 0.0
  },
  "Bot Service: Message Attractor" : {
    "transaction" : "Bot Service: Message Attractor",
    "sampleCount" : 50,
    "errorCount" : 50,
    "errorPct" : 100.0,
    "meanResTime" : 2205.96,
    "minResTime" : 21.0,
    "maxResTime" : 8661.0,
    "pct1ResTime" : 4696.5,
    "pct2ResTime" : 5095.549999999997,
    "pct3ResTime" : 8661.0,
    "throughput" : 0.15929248649199715,
    "receivedKBytesPerSec" : 0.02345519639967122,
    "sentKBytesPerSec" : 0.0
  },
  "Total" : {
    "transaction" : "Total",
    "sampleCount" : 300,
    "errorCount" : 77,
    "errorPct" : 25.666666,
    "meanResTime" : 20527.853333333325,
    "minResTime" : 21.0,
    "maxResTime" : 309923.0,
    "pct1ResTime" : 10527.800000000003,
    "pct2ResTime" : 301970.1,
    "pct3ResTime" : 308610.93,
    "throughput" : 0.901648212933242,
    "receivedKBytesPerSec" : 0.7975477610572126,
    "sentKBytesPerSec" : 0.0
  },
  "Bot Service: Conversation Update" : {
    "transaction" : "Bot Service: Conversation Update",
    "sampleCount" : 50,
    "errorCount" : 0,
    "errorPct" : 0.0,
    "meanResTime" : 4541.620000000001,
    "minResTime" : 3009.0,
    "maxResTime" : 11279.0,
    "pct1ResTime" : 7022.599999999999,
    "pct2ResTime" : 9815.05,
    "pct3ResTime" : 11279.0,
    "throughput" : 4.1356492969396195,
    "receivedKBytesPerSec" : 2.3981111714226633,
    "sentKBytesPerSec" : 0.0
  },
  "Bot Service: Message search Ongs Hat" : {
    "transaction" : "Bot Service: Message search Ongs Hat",
    "sampleCount" : 50,
    "errorCount" : 0,
    "errorPct" : 0.0,
    "meanResTime" : 5310.96,
    "minResTime" : 1052.0,
    "maxResTime" : 19649.0,
    "pct1ResTime" : 9637.699999999999,
    "pct2ResTime" : 12466.099999999993,
    "pct3ResTime" : 19649.0,
    "throughput" : 2.1162229652516187,
    "receivedKBytesPerSec" : 4.910505261459347,
    "sentKBytesPerSec" : 0.0
  },
  "Bot Service: Message No" : {
    "transaction" : "Bot Service: Message No",
    "sampleCount" : 50,
    "errorCount" : 5,
    "errorPct" : 10.0,
    "meanResTime" : 3612.4399999999996,
    "minResTime" : 25.0,
    "maxResTime" : 11272.0,
    "pct1ResTime" : 9023.9,
    "pct2ResTime" : 10013.949999999997,
    "pct3ResTime" : 11272.0,
    "throughput" : 0.15746494043101306,
    "receivedKBytesPerSec" : 0.1197656193411037,
    "sentKBytesPerSec" : 0.0
  }
}